"Account.length","International.plan","Voice.mail.plan","Number.vmail.messages","Total.day.minutes","Total.day.calls","Total.day.charge","Total.eve.minutes","Total.eve.calls","Total.eve.charge","Total.night.minutes","Total.night.calls","Total.night.charge","Total.intl.minutes","Total.intl.calls","Total.intl.charge","Customer.service.calls","Churn"
70,0,0,0,214.8,87,36.52,131,114,11.14,216.9,104,9.76,9.4,3,2.54,3,"0"
98,0,1,29,111.1,105,18.89,217.9,93,18.52,248.1,108,11.16,6.6,3,1.78,2,"0"
75,0,0,0,150.6,99,25.6,301.5,83,25.63,158.7,104,7.14,8.1,5,2.19,0,"0"
94,0,0,8,190.4,91,32.37,92,107,7.82,224.8,108,10.12,13.6,4,3.67,2,"0"
146,0,1,31,202.5,91,34.43,241.4,108,20.52,169.6,77,11.66,7.8,2,2.11,1,"0"
120,0,0,0,149.2,98,25.36,193.6,88,16.46,248.9,119,9.03963888888889,11.1,5,3,1,"0"
52,0,0,0,152.2,112,25.87,177.2,132,15.06,96.4,87,4.34,5.3,3,1.43,2,"0"
101,0,1,21,238,88,40.46,209.6,84,17.0312157809984,201.866098254162,95,10.49,10,5,2.7,2,"0"
90,0,1,22,124.5,94,21.17,231.7,90,19.69,201.866098254162,108,10,6.4,4,1.73,2,"0"
67,0,1,35,245.4,89,41.72,148.2,102,12.6,274,136,12.33,7.5,6,2.03,1,"0"
58,0,0,0,234.8,89,39.92,106.8,131,17.0312157809984,178.5,122,8.03,9.9,6,2.67,0,"0"
143,0,0,0,110.1,113,18.72,169,59,14.37,166.7,94,7.5,9.2,2,2.48,1,"0"
129,0,0,0,216,85,36.72,186.9,114,15.89,210.7,109,9.48,4.9,10,1.32,2,"0"
18,0,0,0,273.6,93,46.51,114.6,116,9.74,250.6,120,11.28,8.2,4,2.21,1,"0"
158,0,0,0,202,126,34.34,163.5,86,13.9,195.4,84,8.79,10.4,6,2.81,1,"0"
100,0,0,0,241.2,134,41,116.5,114,9.9,152.2,91,6.85,10.6,4,2.86,0,"0"
85,0,1,27,196.4,139,33.39,280.9,100,23.88,89.3,75,4.02,13.8,4,3.73,1,"0"
101,0,0,0,217.7,118,37.01,231.7,128,19.69,185.3,128,8.34,10.2141082164329,0,2.77319131832797,3,"0"
182,0,0,0,69.1,114,11.75,230.3,109,17.0312157809984,256.7,105,11.55,6.5,4,1.76,0,"0"
105,0,0,0,146.4,81,24.89,225.1,80,19.13,230.1,117,9.03963888888889,8.5,2,2.3,1,"0"
123,0,0,0,154.3,107,26.23,183,111,17.0312157809984,201.866098254162,134,9.03963888888889,10.9,8,2.94,0,"0"
83,0,1,20,179.567454268293,89,29.5,167.9,92,14.27,201.866098254162,79,9.03,11.2,2,3.02,0,"0"
100,0,1,33,218.7,104,37.18,155,144,14.65,99,117,4.46,12.1,4,3.27,1,"0"
83,0,0,0,134.8,96,22.92,173.6,78,14.21,247.8,123,7.27,7.7,5,2.08,2,"0"
149,0,0,0,196.3,108,33.37,136.8,96,11.63,154.7,112,6.96,7.7,3,2.08,2,"0"
41,0,0,0,202.9,97,34.49,153.8,104,17.0312157809984,113.5,92,5.11,9,3,2.43,3,"0"
83,0,1,26,226.4,117,38.49,234.7,77,19.95,133.6,82,6.01,10.8,7,2.92,1,"0"
13,0,0,0,220.4,100,37.47,211.2,79,17.95,259.3,112,11.67,13.6,8,3.67,2,"0"
107,0,1,26,161.6,123,27.47,195.5,103,16.62,254.4,103,11.45,13.7,3,3.7,1,"0"
103,0,1,31,107.7,124,18.31,188.9,104,16.06,196.2,111,8.83,8.9,3,2.4,0,"0"
120,0,1,31,153.5,83,26.1,219.1,96,18.62,201.866098254162,76,10.68,11.4,4,3.08,0,"0"
89,0,0,0,178.7,100,30.38,176.1,74,19.86,201.866098254162,120,5.94,9.1,4,2.46,1,"0"
139,0,0,0,196,135,33.32,186,146,15.81,153,92,6.89,9.8,1,2.65,3,"0"
174,0,0,0,124.3,76,21.13,277.1,112,23.55,250.7,115,11.28,15.5,5,4.19,3,"0"
82,0,0,0,167.1,77,28.41,131.8,79,11.2,187.4,98,8.43,9.4,1,2.54,2,"0"
95,0,0,0,183.4,98,31.18,281.3,95,23.91,105.2,113,4.73,8.2,8,2.21,1,"0"
130,0,0,0,213.1,105,36.23,206.2,108,12.78,163.4,93,7.35,8.9,3,2.4,0,"0"
95,0,0,0,197,88,33.49,190.4,68,16.18,211.9,104,9.54,16.1,8,4.35,0,"0"
50,0,0,0,287.1,82,51.29,167.1,118,14.2,201.866098254162,89,3.25,10.5,6,2.84,1,"0"
78,0,0,0,193.1,85,32.83,172.1,105,14.63,129.6,119,5.83,10.2141082164329,1,2.75,0,"0"
93,0,1,21,117.9,131,20.04,164.5,115,13.98,217,86,9.03963888888889,9.8,3,2.65,1,"0"
67,0,0,0,260.4,107,44.27,208.2,104,17.7,207.9,115,9.36,10,2,2.7,2,"0"
139,0,0,0,181.6,119,30.87,335.7,87,17.0312157809984,149.8,64,6.74,8.3,6,2.24,2,"0"
133,0,0,0,188.4,63,32.03,165.9,89,14.1,205.7,71,9.26,10.2141082164329,4,3.56,1,"0"
190,0,0,0,150.9,86,25.65,268.6,129,22.83,179.9,100,8.1,14.7,1,3.97,1,"0"
86,0,0,0,148.2,71,25.19,285.1,91,24.23,166.4,100,7.49,6.2,3,1.67,2,"0"
133,0,0,0,216.2,67,36.75,222.2,133,18.89,192,95,8.64,10.2141082164329,1,2.77319131832797,2,"0"
74,0,1,25,194.6,84,33.08,119.9,103,10.19,175.5,75,7.9,13.1,2,3.54,2,"0"
32,0,1,26,243.5,137,41.4,236.8,108,20.13,173.3,149,7.8,9,9,2.77319131832797,1,"0"
99,0,1,19,87.7,103,14.91,223,86,18.96,182.3,112,8.2,7.3,4,1.97,2,"0"
149,0,0,0,179.567454268293,83,31.89,201.4,81,13.03,201.866098254162,79,11.89,8.8,2,2.38,1,"0"
127,0,0,0,102.8,128,17.48,143.7,95,12.21,191.4,97,8.61,10,5,2.7,1,"0"
153,0,0,0,122.5,145,47.52,273.3,103,23.23,197.8,71,8.9,8,3,2.16,2,"0"
107,0,0,0,167.3,100,28.44,163.9,79,13.93,321.3,100,9.03963888888889,6.7,5,1.81,2,"0"
110,0,0,0,99.4,62,16.9,275,86,23.38,212.1,94,9.54,16.7,3,4.51,2,"0"
83,0,1,30,272.5,105,46.33,253,83,23.62,201.866098254162,123,8.14,10.2141082164329,6,2.35,3,"0"
48,0,0,0,210.8,84,35.84,189.6,98,16.12,157.6,100,7.09,16.4,3,4.43,2,"0"
95,0,0,0,203.4,96,34.58,168.6,61,11.86,173,105,7.79,10.2141082164329,3,3.7,2,"0"
68,0,0,0,172.7,95,29.36,139.1,90,11.82,174.3,99,7.84,11.7,1,3.16,2,"0"
74,0,0,0,162.7,85,27.66,292,105,24.82,183.3,80,8.25,8.7,6,2.35,0,"0"
86,0,1,38,123,100,20.91,133.9,119,11.38,138.2,103,6.22,13.3,4,3.59,1,"0"
100,0,0,0,131.1,108,22.29,176.2,81,14.98,89.7,105,4.04,4.3,4,1.16,2,"0"
63,0,0,0,211.7,107,35.99,200.355623332063,77,23.09,203.3,108,9.15,7.4,7,2,0,"0"
177,0,0,0,175.7,120,29.87,168.6,90,14.33,198.9,110,8.95,14.6,4,3.94,1,"0"
161,0,0,0,196.6,73,33.42,170.2,79,14.47,194.3,79,8.74,12.5,3,3.38,1,"0"
99,0,1,33,179.1,93,30.45,238.3,102,13.15,201.866098254162,96,7.46,10.2141082164329,1,2.86,2,"0"
69,0,0,0,185.3,91,31.5,219.1,88,18.62,243.6,107,10.96,5.5,5,1.49,2,"0"
128,0,0,0,187.3,84,31.84,270.8,95,23.02,206.4,100,9.29,10.1,5,2.73,1,"0"
82,0,1,29,207.2,111,35.22,254.1,137,21.6,169.3,92,7.62,9.5,5,2.57,2,"0"
122,0,1,23,134.2,85,22.81,227.3,132,19.32,122.4,96,5.51,8.5,2,2.3,2,"0"
116,0,1,34,268.6,83,45.66,178.2,142,15.15,166.3,106,7.48,11.6,3,3.13,2,"0"
79,0,0,0,213.6,110,36.31,234.9,121,19.97,229.6,100,10.33,8.8,3,2.77319131832797,0,"0"
72,0,0,0,88.5,103,29.84,132.3,80,11.25,201.866098254162,96,7.75,11.8,3,3.19,2,"0"
51,0,0,0,183.1,114,31.13,160.1,107,13.61,311.8,121,14.03,7,3,1.89,1,"0"
94,0,1,28,92.7,107,15.76,127.8,86,10.86,225.6,64,10.15,9.9,4,2.67,3,"0"
93,0,0,0,151.4,89,25.74,186.4,76,15.84,172.5,120,7.76,10.9,3,2.94,0,"0"
67,1,0,0,120.9,58,20.55,235,88,19.98,201.866098254162,130,4.28,11.4,4,2.77319131832797,2,"0"
93,0,1,32,218.7,100,37.18,115,61,9.78,192.7,85,8.67,9.4,5,2.54,2,"0"
160,0,0,0,121.8,97,20.71,89.3,97,7.59,150.7,92,6.78,10.3,5,2.78,1,"0"
58,0,0,0,165.4,100,28.12,115.7,87,9.83,193.8,118,9.03963888888889,12.8,5,3.46,2,"0"
43,0,0,0,179.3,97,30.48,252.7,126,21.48,227.5,100,10.24,8,5,2.16,2,"0"
146,1,0,0,111.1,126,18.89,313.4,95,17.0312157809984,215.7,82,9.71,10.5,6,2.84,1,"0"
78,0,0,0,190.3,88,32.35,194.5,114,16.53,256.5,109,11.54,11.7,5,3.16,2,"0"
102,0,0,0,179.567454268293,123,39.92,199.2,100,16.93,163.2,88,7.34,10.2141082164329,1,2.7,2,"0"
159,0,0,0,198.8,107,33.8,195.5,91,17.0312157809984,213.3,120,9.6,16.5,7,4.46,2,"0"
100,0,0,0,152.1,95,25.86,121,105,10.29,198,126,8.91,9.8,5,2.65,0,"0"
180,0,0,0,143.5,121,24.4,189.3,111,16.09,174.9,82,7.87,8.8,5,2.38,3,"0"
100,0,0,0,233.3,65,39.66,209.8,93,19.06,210.6,109,9.48,9.1,4,2.46,1,"0"
77,0,1,17,204.9,84,30.5681755725191,201,102,17.09,219.7,97,9.89,11.3,5,3.05,0,"0"
85,1,0,0,165.4,107,28.12,196,126,16.66,201.866098254162,110,9.03963888888889,9.6,7,2.59,2,"0"
115,0,1,16,133.3,110,22.66,185.7,119,15.78,161.5,100,7.27,5.6,4,1.51,2,"0"
94,0,0,0,139.4,95,23.7,159.1,92,13.52,201.866098254162,129,5.77,10.2141082164329,3,2.77319131832797,0,"0"
152,0,0,0,99.4,99,33.51,130.1,76,11.06,78.1,100,3.51,7.4,4,2,3,"0"
37,0,0,0,206,89,35.02,186,88,15.81,307.1,100,13.82,8.4,4,2.27,0,"0"
171,0,1,25,223.2,100,37.94,183.2,100,15.57,150.8,90,6.79,10.2,3,2.75,3,"0"
131,0,1,36,214.2,115,36.41,161.7,117,13.74,264.7,102,11.91,9.5,4,2.57,3,"0"
120,0,1,40,128.1,99,21.78,247.7,78,21.05,199.7,121,8.99,15.6,3,4.21,0,"0"
103,0,1,29,164.1,111,27.9,219.1,96,18.62,220.3,108,9.91,12.3,9,3.32,0,"0"
125,0,0,0,126.7,113,21.54,155.5,131,13.22,206.2,112,9.28,14.4,7,3.89,2,"0"
33,1,0,0,164,99,27.88,153.1,102,13.01,186.5,104,5.57,6.4,4,1.73,0,"0"
67,0,1,36,115.6,111,19.65,237.7,94,20.2,169.9,103,7.65,9.9,4,2.67,2,"0"
96,0,0,0,150,122,25.5,218.5,116,18.57,212.4,89,9.56,9.8,1,2.65,3,"0"
112,0,0,27,243.4,77,41.38,182.1,97,15.48,259.2,94,11.66,12.8,2,3.46,1,"0"
138,0,0,0,170.7,104,40.94,144.5,92,17.0312157809984,125.7,98,5.66,11.6,1,3.13,0,"0"
86,0,0,0,217.8,93,37.03,214.7,95,18.25,228.7,70,10.29,11.3,7,3.05,0,"0"
136,0,1,35,205.5,97,37.88,298.5,119,25.37,214.2,104,9.64,6.9,4,1.86,1,"0"
67,0,0,0,129,78,21.93,188,116,15.98,235,102,10.58,11.2,3,3.02,2,"0"
141,0,1,39,92.8,98,15.78,271.2,115,23.05,201.866098254162,83,7.52,5.8,7,1.57,1,"0"
25,0,0,0,134.3,98,22.83,202.3,109,17.2,195.9,100,8.82,12.6,5,3.4,2,"0"
98,0,1,21,64.6,98,10.98,176.1,86,14.97,244.8,84,11.02,10.2141082164329,0,2.77319131832797,2,"0"
100,0,0,0,153.7,109,26.13,255.1,105,17.0312157809984,256.1,114,11.52,14.1,6,3.81,1,"0"
108,0,1,35,215.9,106,36.7,147.8,107,17.05,195.4,107,8.79,10.2141082164329,7,4.19,0,"0"
163,0,0,0,122.4,129,20.81,113.4,108,9.64,180.2,97,8.11,12.5,7,3.38,1,"0"
149,0,0,0,217.7,91,37.01,273.5,74,23.25,226.9,99,10.21,9.6,3,2.59,3,"0"
135,0,0,0,151.7,82,25.79,119,105,10.12,180,100,8.1,10.5,6,2.84,0,"0"
116,0,1,27,204.7,79,34.8,209.4,100,17.8,212.9,67,9.62,7,2,1.89,2,"0"
51,0,0,0,51.8,107,8.81,230.2,104,19.57,227.5,118,10.24,10.4,4,2.81,2,"0"
119,0,0,0,196.1,107,33.34,296.5,84,25.2,211.5,91,9.52,7,2,1.89,1,"0"
155,0,1,30,61.6,103,10.47,255.1,110,21.68,225.9,100,10.17,10.7,5,3.35,1,"0"
150,0,1,30,262.8,114,44.68,215.8,130,18.34,154.8,88,6.97,7.8,2,2.11,0,"0"
151,0,0,0,194.8,106,33.12,292.7,103,24.88,224.6,82,10.11,5.5,3,1.49,0,"0"
59,0,1,29,133.1,114,22.63,221.2,82,15.95,131.6,103,5.92,6.8,3,1.84,1,"0"
77,0,0,0,239.2,114,40.66,150,100,12.75,160.8,81,7.24,10.3,2,2.78,2,"0"
133,0,0,0,179.567454268293,101,31.79,141.4,128,12.02,238.2,108,9.78,10,8,2.77319131832797,2,"0"
138,0,0,0,138.1,83,33.03,189.9,97,16.14,232.2,102,10.45,9,3,2.43,2,"0"
46,0,0,0,196.7,90,33.44,205.9,74,17.5,216.6,112,9.75,11.2,5,3.02,3,"0"
166,0,0,0,173.9,103,29.56,276.4,83,23.49,201.866098254162,113,8.59,10.2141082164329,5,4.13,0,"0"
53,0,1,18,146.8,107,24.96,310,84,26.35,178.7,130,9.03963888888889,7.2,7,1.94,0,"0"
107,0,0,0,86.8,95,14.76,108.1,85,9.19,204.3,87,9.19,13.2,3,3.56,1,"0"
100,0,0,0,203.4,91,34.58,128.7,97,10.94,201.866098254162,113,8.57,11,4,2.97,1,"0"
20,0,0,0,205.2,109,32.3,258.2,84,14.08,181.5,102,8.17,6.3,6,1.7,0,"0"
54,0,1,24,92.3,88,15.69,193.1,98,16.41,201.866098254162,119,4.47,11.6,3,3.13,2,"0"
104,0,0,0,91.9,141,18.55,187.1,140,15.9,216.6,100,9.75,10,4,2.7,3,"0"
101,0,1,16,118.9,112,20.21,228.3,97,19.41,180.1,111,8.1,8.2,5,2.21,2,"0"
100,1,0,0,107.2,98,18.22,86.8,122,7.38,201.866098254162,117,7.03,9.7,4,2.62,1,"0"
149,0,1,28,180.7,92,30.72,200.355623332063,64,15.96,265.5,53,11.95,10.2141082164329,3,3.4,3,"0"
93,0,0,0,179.567454268293,95,27.97,230.9,87,19.63,149.9,91,6.75,9.9,3,2.67,2,"0"
117,0,0,0,119,82,20.23,187.5,108,15.94,189.3,97,9.03963888888889,11.5,3,2.77319131832797,1,"0"
42,0,0,0,196.5,89,33.41,241.3,123,20.51,143.2,105,6.44,4,7,2.77319131832797,0,"0"
81,0,0,0,220.8,77,37.54,148.5,100,12.62,183.9,100,8.28,7.6,3,2.05,2,"0"
80,0,0,0,239.9,121,40.78,142.3,51,12.1,201.866098254162,106,9.03963888888889,9.3,5,2.51,1,"0"
157,0,0,0,185.1,92,31.47,213,85,18.11,196.1,85,8.82,8.5,5,2.3,2,"0"
108,0,0,0,210.6,117,35.8,164.2,103,13.96,201.4,68,9.06,9.4,5,2.77319131832797,0,"0"
69,0,0,0,227,122,38.59,258.7,111,21.99,169.7,87,7.64,8.9,1,2.4,2,"0"
158,0,0,0,220.9,129,37.55,242.2,108,20.59,233.3,75,10.5,6.4,5,1.73,0,"0"
181,0,0,0,229.9,84,39.08,144.4,93,12.27,262.4,110,11.81,14.2,4,3.83,2,"0"
145,0,0,0,199.2,124,33.86,126,86,10.71,289.2,135,13.01,7.6,3,2.05,1,"0"
99,0,0,0,169.2,70,28.76,271.5,77,23.08,170.2,104,7.66,10.6,2,2.86,0,"0"
100,0,0,0,146,78,24.82,146.9,100,9.32,247.4,108,11.54,6.8,7,1.84,0,"0"
106,0,1,37,223.5,104,38,235.1,99,19.98,140.1,90,6.3,10.6,5,2.86,2,"0"
108,0,1,15,165.1,85,28.07,267,93,22.7,160.5,114,11.28,10.9,4,2.94,1,"0"
95,0,0,0,149.2,96,25.36,260.7,100,22.16,201,120,9.05,8.1,2,2.19,1,"0"
162,0,0,0,49.2,121,8.36,179.3,136,12.23,201.866098254162,97,9.14,12.1,4,3.27,1,"0"
101,0,0,0,253.2,89,43.04,237.9,114,20.22,154.3,85,6.94,9.7,7,2.62,2,"0"
125,0,1,32,96.5,109,16.41,145.8,109,12.39,174.4,82,7.85,9.4,2,2.54,1,"0"
88,0,0,0,274.6,105,46.68,161.1,121,13.69,194.4,123,8.75,9.2,4,2.48,2,"0"
95,0,0,0,142.5,109,24.23,176.1,82,14.97,189.6,88,8.53,8.2,3,2.21,2,"0"
68,0,0,0,143.6,80,24.41,134.3,65,11.42,215.6,84,9.7,15.5,5,4.19,2,"0"
141,0,0,0,242.8,90,41.28,234.1,80,19.9,211.5,104,9.52,6,3,1.62,2,"0"
73,0,0,0,183.4,80,31.18,242,115,20.57,201.4,100,9.06,7.5,3,2.03,2,"0"
69,0,0,0,179.567454268293,101,23.02,238.1,124,20.24,195.6,102,8.8,10.6,2,2.86,1,"0"
118,0,0,0,179.567454268293,114,23.14,204.2,103,17.36,228.2,90,10.27,11.3,4,3.05,1,"0"
114,0,0,0,169.2,96,44,149.9,83,12.74,196.9,119,8.86,10.2141082164329,4,1.24,2,"0"
121,0,0,0,253.4,121,28.66,168.6,94,14.33,95.3,59,4.29,12.3,4,3.32,1,"0"
108,0,0,0,73.8,105,12.55,143.4,114,12.19,170.2,98,7.66,10.9,3,2.94,2,"0"
84,0,0,8,226.9,144,38.57,201.6,108,17.14,130.2,121,5.86,10.2141082164329,5,3.56,2,"0"
141,0,0,0,185.1,126,31.47,233,98,19.81,152.2,106,6.85,9.1,7,2.46,0,"0"
64,0,0,0,124.1,117,21.1,192.8,108,16.39,162.9,84,7.33,6.4,5,1.73,3,"0"
80,0,0,0,149.8,123,25.47,276.3,75,23.49,241.4,75,9.03963888888889,10.9,7,2.94,2,"0"
93,0,1,42,152.3,90,25.89,267.5,102,22.74,266.9,130,12.01,11.3,5,3.05,2,"0"
60,0,0,0,289.8,101,49.27,255.6,115,21.73,242.8,76,10.93,11.7,4,3.16,2,"0"
145,0,0,0,229.6,82,39.03,138.1,103,11.74,250.8,109,11.29,10.2141082164329,3,2.77319131832797,1,"0"
172,0,0,0,169.8,104,28.87,183.1,94,15.56,201.866098254162,72,9.03963888888889,12.7,7,3.43,2,"0"
105,0,1,34,218.5,61,37.15,196.7,74,16.72,151.1,103,6.8,9.9,4,2.67,2,"0"
138,0,0,0,220.2,89,37.43,88.3,125,7.51,195.3,79,8.79,12.9,5,3.48,0,"0"
85,0,1,37,229.6,123,39.03,200.355623332063,90,11.25,211.9,76,9.54,9.5,8,2.57,2,"0"
119,0,0,0,98.8,89,23.51,170.5,78,14.49,263.9,98,11.88,13.5,6,2.77319131832797,3,"0"
102,0,0,0,102.6,89,17.44,246,77,20.91,201.866098254162,140,7.67,9.1,4,2.46,2,"0"
119,0,0,0,124.3,68,21.13,207.1,100,17.6,157.4,93,7.08,14.8,1,4,0,"0"
114,0,0,0,202.1,100,34.36,195.7,102,16.63,291.8,120,13.13,13.3,5,3.59,2,"0"
100,1,0,0,150,106,25.5,293.8,123,24.97,250.7,65,11.28,10.3,7,2.78,2,"0"
67,0,0,0,152.5,131,30.5681755725191,252.4,107,17.0312157809984,185.4,87,8.34,4.9,3,1.32,2,"0"
136,1,0,8,183.4,103,31.18,141.9,113,12.06,200.4,122,9.02,10.4,9,2.81,2,"0"
112,0,1,36,113.7,117,19.33,157.5,82,11.77,177.6,118,9.03963888888889,10,3,2.7,2,"0"
73,0,0,0,122,92,20.74,138.3,114,11.76,224.2,128,10.09,5.8,5,1.57,1,"0"
109,0,0,0,218.9,105,37.21,299.9,87,25.49,158.6,110,7.14,10.2141082164329,4,3.05,2,"0"
101,0,1,33,219.7,137,37.35,186.8,94,15.88,184.5,113,8.3,9.5,2,2.77319131832797,2,"0"
113,0,0,0,150.1,120,25.52,200.1,85,17.01,266.7,105,12,11,3,2.97,2,"0"
148,0,1,8,241.7,84,41.09,165.8,84,14.09,160.6,115,7.23,11.3,3,3.05,1,"0"
45,0,0,0,96.1,103,16.34,246.8,134,20.98,229.7,92,10.34,9.7,4,2.62,1,"0"
32,0,0,0,171.2,82,29.1,185.6,102,15.78,203.3,64,9.15,10.2,7,2.75,1,"0"
112,0,0,0,208.7,150,35.48,212.8,104,18.09,178.1,98,8.01,8.5,4,2.3,2,"0"
54,1,0,0,190.5,108,32.39,259.7,91,22.07,141.5,111,6.37,9.7,2,2.62,2,"0"
117,0,1,25,216,140,36.72,224.1,69,19.05,267.9,112,10.47,11.8,4,3.19,2,"0"
102,0,0,0,174.5,79,29.67,236.8,136,20.13,270.4,110,12.17,8.5,5,2.3,0,"0"
83,0,0,8,208.9,123,35.51,214.8,92,18.26,247.9,108,11.16,13,5,3.51,1,"0"
189,0,1,38,256.7,98,43.64,150.5,100,12.79,123,87,5.54,11.4,3,3.08,3,"0"
136,0,0,0,252.4,74,42.91,167.9,81,14.27,248.3,110,11.17,10.7,3,2.89,2,"0"
97,0,0,0,217.6,81,36.99,320.5,51,27.24,150.7,110,6.78,4.2,3,1.13,0,"0"
49,0,0,0,236.6,91,40.22,220.9,146,18.78,146.8,114,6.61,8.9,2,2.4,1,"0"
135,0,0,0,190.9,100,32.45,161.4,109,18.1,231.9,100,10.44,8.4,2,2.27,2,"0"
107,0,1,31,160.3,100,27.25,221.5,70,13.6,261.6,109,11.77,5.6,1,1.51,1,"0"
58,0,1,30,178.1,111,30.28,236.7,100,17.0312157809984,264,118,11.88,8.4,2,2.27,0,"0"
104,1,0,0,160.4,73,27.27,293.9,103,24.98,306.6,90,13.8,12.6,5,3.4,2,"0"
59,0,0,0,150.2,70,32.33,185.7,98,15.78,212.5,128,9.56,12.1,2,3.27,1,"0"
107,0,1,38,219.4,92,37.3,180.5,130,15.34,104.1,91,4.68,11,1,2.97,2,"0"
132,0,1,36,201.9,93,34.32,156.3,75,17.0312157809984,131.3,92,5.91,13.7,5,3.7,0,"0"
50,0,0,0,157.1,90,26.71,223.3,74,18.98,181.4,111,8.16,6.1,2,1.65,1,"0"
117,0,0,0,168.8,137,28.7,241.4,107,20.52,204.8,106,9.22,15.5,4,2.77319131832797,0,"0"
87,0,0,0,171.6,119,29.17,205,107,17.43,170.6,114,7.68,13.8,4,3.73,0,"0"
93,0,0,0,152.4,74,25.91,274.6,100,23.34,252.2,120,11.35,6.6,5,1.78,3,"0"
91,0,1,0,232.4,97,39.51,186,88,15.81,190.5,128,8.57,12.3,3,3.32,3,"0"
112,0,1,27,213,123,36.21,226.2,101,19.23,201.866098254162,99,8.54,11.1,3,3,2,"0"
104,0,0,0,76.4,116,12.99,155.5,74,9.83,226.3,94,10.18,9.4,3,2.54,3,"0"
128,0,1,32,222.9,136,37.89,262,80,22.27,191.4,101,8.61,10.8,4,2.77319131832797,0,"0"
4,1,0,0,145.3,89,24.7,303.8,93,25.82,261.6,82,9.27,8.9,4,2.4,0,"0"
35,0,0,0,149.3,113,25.38,242.2,100,20.59,201.866098254162,104,7.84,8.9,6,2.4,2,"0"
146,0,0,0,195.9,86,33.3,228.6,82,19.43,303.5,94,13.66,12.2,4,3.29,2,"0"
111,0,0,0,214.3,118,36.43,208.5,76,17.0312157809984,182.4,98,8.21,12,2,3.24,1,"0"
108,0,0,0,138.6,122,23.56,172.3,117,14.65,231.6,92,10.42,9.8,3,2.77319131832797,1,"0"
52,0,0,0,85.7,78,28.14,205.5,100,17.47,201.866098254162,124,9.61,12.2,6,3.29,0,"0"
100,1,0,0,219.4,112,37.3,225.7,102,19.18,255.3,95,11.49,12,4,3.24,2,"0"
129,0,1,37,205,114,34.85,165.4,103,14.06,185,81,9.03963888888889,11.7,8,3.16,1,"0"
69,0,0,0,167.5,76,46.48,242.1,92,20.58,101.2,103,9.03963888888889,11.4,4,3.08,2,"0"
114,0,1,4,141.3,96,24.02,230.4,88,19.58,223.7,85,10.07,9.4,3,2.54,3,"0"
51,0,1,26,236.8,61,40.26,263.4,97,22.39,181.1,91,8.15,10.2141082164329,8,3.02,1,"0"
88,0,0,0,138.3,116,23.51,236,138,20.06,179.1,110,8.06,9.6,4,2.59,3,"0"
100,0,0,0,235.8,130,40.09,176,100,14.96,201.866098254162,122,9.03963888888889,7.3,1,1.97,2,"0"
128,0,1,25,265.1,110,45.07,197.4,100,16.78,244.7,91,11.01,10,3,2.7,1,"0"
154,0,0,0,191.4,93,32.54,205.4,119,17.46,205.7,121,9.26,10.2,3,2.75,3,"0"
131,0,1,0,156.6,134,26.62,71,95,6.04,261.7,120,11.78,13.4,10,3.62,1,"0"
46,0,0,0,275.2,92,35.73,227.3,77,19.32,200.1,116,10.22,13.1,5,3.54,1,"0"
134,0,0,0,202.7,55,34.46,224.9,90,19.12,253.9,108,11.43,12.1,7,3.27,0,"0"
100,0,1,8,152,95,25.84,274.9,73,23.37,162.4,121,7.31,10,1,2.7,2,"0"
82,0,0,0,199.3,112,33.88,193.4,120,16.44,254.4,117,11.45,7,10,1.89,0,"0"
116,1,1,27,175.5,137,29.84,210.6,60,17.9,294.8,121,13.27,6.9,5,1.86,1,"0"
47,0,1,28,141.3,94,24.02,168,108,14.28,113.5,84,5.11,7.8,2,2.11,1,"0"
95,0,0,0,190.2,119,32.33,157.1,70,13.35,181.5,120,8.17,14,6,3.78,0,"0"
101,0,1,24,114.1,95,19.4,161.5,86,17.0312157809984,176.3,90,7.93,13,9,3.51,2,"0"
142,0,1,38,163.3,104,27.76,136,114,11.56,201.866098254162,127,11.21,4.3,6,1.16,0,"0"
74,0,0,0,136.7,106,23.24,228.6,115,17.0312157809984,265.3,114,11.94,9.8,4,2.65,0,"0"
127,1,0,0,256.5,115,43.61,222.1,100,18.88,156.7,100,7.05,10.2141082164329,3,3.51,1,"0"
12,0,0,0,204.6,98,34.78,212.5,90,18.06,182.1,95,8.19,10.2141082164329,7,2.65,2,"0"
86,0,0,0,190.5,115,32.39,179.6,130,15.27,258.5,89,11.63,10.1,5,2.73,3,"0"
63,0,1,34,152.2,119,25.87,227.1,91,19.3,195.7,103,8.81,12.3,5,3.32,1,"0"
195,0,0,0,63.2,108,10.74,220.2,88,18.72,184,99,8.28,5.1,3,1.38,0,"0"
91,0,0,0,203.1,106,34.53,210.1,113,17.86,195.6,129,8.8,12,3,3.24,3,"0"
149,0,1,8,206.7,79,35.14,174.6,122,14.84,241.5,80,9.03963888888889,10.9,3,2.94,1,"0"
50,0,0,0,154.7,102,26.3,298,108,25.33,210.2,95,9.46,11.1,3,3,0,"0"
100,1,0,0,68.5,110,11.65,200.355623332063,115,17.0312157809984,205.2,99,9.23,12.1,9,2.77319131832797,0,"0"
103,0,1,34,138.8,80,23.6,142,108,12.07,201.866098254162,77,8.27,11.8,7,3.19,1,"0"
123,0,1,22,135.9,105,33.59,80,86,6.8,120.8,82,5.44,15.6,4,2.77319131832797,2,"0"
145,0,0,0,175.8,89,29.89,202.8,119,23.32,226.6,69,10.2,10.2141082164329,4,3.35,1,"0"
111,0,0,0,224.9,117,38.23,191.9,127,16.31,229.9,97,10.35,10.3,3,2.78,0,"0"
81,0,1,33,161.6,117,27.47,123,90,10.46,261.3,101,11.76,12.2,5,3.29,1,"0"
135,0,1,22,197.1,113,33.51,259.4,95,22.05,134.7,135,6.06,14.6,4,3.94,2,"0"
99,0,0,0,222.4,102,37.81,185.8,89,14.53,237.7,81,10.7,12,4,2.77319131832797,2,"0"
59,0,0,0,151.8,98,25.81,209.9,92,17.84,266.9,86,12.01,11.9,5,3.21,1,"0"
92,0,1,28,151.1,90,25.69,194.8,79,16.56,239.2,114,10.76,10,3,2.7,1,"0"
97,0,1,32,191.9,129,28.63,225.9,97,19.2,191.8,95,8.63,8.5,7,2.77319131832797,0,"0"
120,0,0,0,185.7,133,31.57,235.1,149,19.98,256.4,78,11.54,10.2141082164329,6,4.56,0,"0"
56,0,0,0,226,112,38.42,248.5,100,21.12,140.5,142,6.32,6.9,4,1.86,1,"0"
89,0,0,0,197.1,110,33.51,165.9,115,14.1,227.3,106,10.23,12.8,3,2.77319131832797,1,"0"
84,0,0,0,191,88,30.5681755725191,318.8,119,27.1,247.3,79,10.65,7.4,4,1.76,2,"0"
123,0,1,34,305.2,80,30.5681755725191,156.5,109,13.3,280,81,12.6,13.2,1,3.56,1,"0"
31,0,1,28,171.8,116,29.21,240.7,125,20.46,245.5,80,11.05,10.6,7,2.86,1,"0"
138,0,0,0,133.9,87,22.76,166.4,110,15.71,193.5,139,8.71,10.2141082164329,3,4.16,1,"0"
59,0,0,0,153.6,92,26.11,209.6,88,17.47,114.5,89,5.15,12.5,10,3.38,1,"0"
173,0,0,0,109.4,103,18.6,101.3,111,8.61,201.866098254162,106,7.53,7.8,7,2.11,1,"0"
11,0,1,24,131.5,98,22.36,230.2,100,19.57,283.7,87,12.77,10,3,2.7,2,"0"
60,0,0,0,221.1,106,37.59,178.6,100,17.0312157809984,202.7,100,9.12,7.4,3,2.77319131832797,1,"0"
185,0,1,31,189.8,83,32.27,163.3,133,13.88,264.8,126,11.92,7.5,3,2.03,1,"0"
94,0,0,0,190.6,108,32.4,152.3,100,12.95,144.7,97,6.51,7.5,5,2.03,1,"0"
111,0,0,0,176.4,62,29.99,201,124,17.09,150.4,138,6.77,11.2,2,3.02,0,"0"
21,0,0,0,197.9,81,41.6,168,117,14.28,238.6,87,12.67,6.6,1,1.78,1,"0"
118,0,1,22,141.4,107,24.04,163,105,13.86,220,99,9.9,5.6,3,1.51,2,"0"
36,0,0,0,143.7,114,24.43,297.8,98,25.31,212.6,86,9.57,11.4,8,4.05,2,"0"
33,0,1,27,220.1,128,37.42,268.2,133,22.8,146.5,80,7.73,11.1,3,3,0,"0"
80,0,0,0,198.1,100,33.68,156.7,120,13.32,182.1,76,8.19,9.3,3,2.51,3,"0"
87,0,0,0,204.8,101,34.82,161,80,13.69,285.7,89,12.86,9.5,3,2.77319131832797,0,"0"
72,0,0,0,165.9,61,28.2,177.9,97,20.05,210.1,120,9.45,12,5,3.24,2,"0"
94,0,0,0,177.1,112,30.11,194,112,16.49,146.7,108,6.6,5.9,4,1.59,1,"0"
70,0,0,0,177.4,125,30.16,226.2,104,19.23,201.866098254162,72,11.43,10.9,4,2.94,2,"0"
45,0,1,38,196.8,92,33.46,254.2,108,13.88,261.8,85,11.78,7.7,2,2.77319131832797,1,"0"
100,0,0,0,126,96,21.42,144.3,80,12.27,302.8,102,13.63,7.6,3,2.05,1,"0"
132,0,0,0,222.4,85,37.81,165.4,76,14.06,208.4,97,9.38,11.2,4,3.02,0,"0"
106,0,0,0,193.1,106,8.87,220.1,113,18.71,201.866098254162,95,5.05,11.4,2,3.08,2,"0"
147,0,0,0,155.1,117,26.37,162.6,93,20.37,208.8,133,9.4,10.6,4,2.86,0,"0"
11,0,1,38,209.8,130,30.57,196.6,84,16.71,233,79,10.49,7,7,1.89,1,"0"
164,0,1,30,238.8,100,40.6,230,100,19.55,201.866098254162,66,9.28,13.2,8,3.56,1,"0"
133,1,0,0,127.3,108,21.64,251.3,81,21.36,135,88,6.08,10.3,3,2.78,1,"0"
115,0,0,0,184.1,98,31.3,327,73,27.8,212.5,106,9.56,10.2141082164329,6,2.03,2,"0"
113,0,0,0,186,55,31.62,237.4,105,20.18,201.866098254162,83,6.66,12.2,6,3.29,1,"0"
110,0,0,0,74.5,117,33.88,200.8,98,17.07,192.2,101,8.65,9.8,7,2.65,3,"0"
62,0,0,0,172.8,101,29.38,204.8,97,17.41,240.8,90,10.84,9.1,8,2.46,2,"0"
108,0,1,25,170.7,88,29.02,109.9,100,9.34,165.7,99,7.46,8.7,1,2.35,0,"0"
135,0,0,0,239.9,91,40.78,177.1,104,15.05,201.866098254162,118,9.77,5.9,3,1.59,2,"0"
105,0,1,24,274.7,125,46.7,193.5,118,16.45,299.6,109,13.48,10.8,3,2.92,3,"0"
98,0,0,0,165,129,28.05,202.6,100,17.22,172.3,94,7.75,12.5,7,3.38,1,"0"
100,0,0,0,169.3,111,28.78,120.4,69,11.86,197,87,9.03963888888889,12,3,3.24,0,"0"
156,0,0,0,137.2,122,40.41,181.5,91,15.43,185.7,151,8.36,7.7,4,2.08,1,"0"
41,0,0,0,143.6,117,24.41,152.4,108,12.95,194.4,110,8.75,8.6,3,2.32,1,"0"
24,0,0,0,241.9,104,41.12,145.2,112,20.17,214.5,105,9.65,6.6,5,1.78,1,"0"
93,0,0,0,179.5,121,30.52,191.9,131,16.31,165.5,125,7.45,12,4,3.24,0,"0"
156,0,0,0,174.3,95,29.63,186.6,128,15.86,258.2,105,9.03963888888889,12.9,5,3.48,3,"0"
94,0,1,28,233.2,88,39.64,113.3,102,9.63,118,71,5.31,10.2141082164329,4,4.35,0,"0"
90,0,0,0,175.9,111,29.9,285.2,115,17.0312157809984,150.8,122,6.79,13,7,3.51,1,"0"
1,0,0,0,123.8,113,21.05,236.2,77,20.08,201.866098254162,81,3.29,3.7,2,2.77319131832797,0,"0"
180,0,1,33,231.8,78,39.41,232.9,79,13.82,206.9,121,9.31,7.6,4,2.05,1,"0"
59,1,1,31,225,78,38.25,160.1,79,16.26,226.7,79,10.2,9.1,3,2.46,1,"0"
64,0,0,0,216.9,78,36.87,211,133,26.24,201.866098254162,116,8.09,11.4,5,3.08,3,"0"
141,0,0,0,192.4,111,32.71,156.9,87,13.34,175.8,82,7.91,11,6,2.97,0,"0"
101,0,1,29,124.3,116,20.59,186.4,100,15.84,241.7,75,10.88,10.1,6,2.73,2,"0"
29,1,1,37,235,101,39.95,183.3,79,15.58,139.8,106,6.29,5.7,7,1.54,2,"0"
78,0,0,0,109.5,105,18.62,286.1,90,24.32,247.6,74,11.14,4.9,9,1.32,1,"0"
137,1,0,0,237.3,103,40.34,176.7,84,15.02,263.4,81,11.85,14.2,4,3.83,0,"0"
100,0,0,0,123.7,138,21.03,248.5,105,21.12,269.6,78,12.13,13.3,4,3.59,0,"0"
114,0,0,0,189.8,101,32.27,147.7,100,20.06,172.7,121,7.77,10.6,5,2.86,1,"0"
106,0,0,0,212.9,110,36.19,187,69,17.0312157809984,128.1,71,5.76,6.3,3,1.7,3,"0"
92,0,0,0,249.4,118,42.4,211.5,95,20.67,169,101,7.61,9.1,3,2.57,0,"0"
60,0,1,31,211,75,32.61,267.8,135,22.76,201.866098254162,62,9.02,12.8,3,3.46,2,"0"
86,0,1,0,221.6,74,30.5681755725191,288.4,100,24.51,240.3,105,10.81,9,2,2.43,1,"0"
78,0,1,21,160.6,85,27.3,223.1,100,18.96,124,92,5.58,9.5,1,2.57,2,"0"
54,0,0,0,273.8,113,46.55,119.6,100,10.17,267.6,117,12.04,11.7,3,3.16,1,"0"
130,0,1,19,152.9,87,25.99,213.2,100,18.12,205.3,114,9.03963888888889,10.2141082164329,6,2.92,2,"0"
58,1,1,8,142.8,96,30.5681755725191,272.3,100,23.15,193.4,105,8.7,8.9,4,2.4,1,"0"
122,0,1,37,163,107,27.71,312.8,118,26.59,200,85,9,11.6,5,3.13,1,"0"
70,0,0,0,156.4,108,26.59,171,100,14.54,196.1,96,8.82,10.2141082164329,4,2.32,2,"0"
126,0,0,0,122.4,88,20.81,143.8,111,12.22,157,106,9.03963888888889,11.5,2,3.11,1,"0"
116,0,1,8,230.6,94,39.2,224.1,100,19.05,244,76,10.98,11.1,2,3,0,"0"
169,0,0,0,142.5,82,24.23,231.4,110,14.89,131.2,67,5.9,10,4,2.7,2,"0"
100,0,1,26,153.7,115,26.13,137.8,146,11.71,201.866098254162,104,9.61,15.9,5,4.29,1,"0"
138,1,0,0,268.4,81,45.63,174.4,115,14.82,193.5,96,8.71,11.6,4,3.13,1,"0"
85,0,0,0,222.3,132,30.5681755725191,231.5,101,19.68,223.5,75,10.06,11,2,2.97,3,"0"
56,0,0,0,137.2,111,23.32,165.9,119,17.9,182.3,72,8.2,14.3,4,3.86,1,"0"
62,0,0,0,186.8,118,31.76,207.6,92,17.65,195,98,8.78,8.8,4,2.38,3,"0"
90,0,0,0,114.4,122,19.45,127.7,100,18.62,253.1,109,11.39,10.1,5,2.73,2,"0"
51,0,0,0,197.8,60,33.63,221,64,18.79,168.6,134,7.59,8.9,5,2.4,1,"0"
127,0,1,25,203.8,118,34.65,267.1,100,22.7,225.1,105,10.13,7.3,5,1.97,0,"0"
87,0,0,8,189.5,113,32.22,204.9,113,17.42,221.7,93,9.98,13.4,3,3.62,1,"0"
117,0,0,0,97.1,98,16.51,228,131,19.38,240,111,10.8,10.6,3,2.86,2,"0"
125,0,1,34,268.4,112,45.63,222.2,108,18.89,117.6,102,5.29,10.3,3,2.78,0,"0"
84,0,1,38,193,106,32.81,153.6,100,13.06,260.4,87,11.72,7.4,5,2,2,"0"
101,0,0,0,118.6,89,20.16,199.6,97,11.39,201.866098254162,61,9.03963888888889,11.5,5,3.11,1,"0"
98,0,0,0,126.3,102,21.47,166.8,85,14.18,187.8,135,8.45,9.4,2,2.54,3,"0"
137,0,1,8,186.5,94,31.71,178,106,17.0312157809984,215.6,100,9.14,12.1,4,3.27,2,"0"
78,0,1,32,210.3,116,35.75,192.2,83,16.34,246.1,92,11.07,10.8,4,2.92,2,"0"
92,0,0,0,212.4,116,36.11,224.6,118,19.09,221.3,105,9.96,9,4,2.43,1,"0"
157,0,1,29,219.2,102,37.26,206,109,17.0312157809984,201.866098254162,117,8.66,15,5,4.05,1,"0"
151,0,0,0,156.4,108,26.59,187.1,118,19.84,195.7,141,8.81,7.7,6,2.08,2,"0"
128,0,0,0,179.4,94,30.5,270.4,92,22.98,191,88,8.59,7.9,4,2.13,0,"0"
147,0,0,0,198.4,79,36.18,204.1,91,17.35,156.2,113,7.03,10.2,2,2.75,1,"0"
149,0,1,18,148.5,106,25.25,114.5,106,9.73,178.3,100,8.02,6.5,4,1.76,0,"0"
79,0,0,0,177.9,83,30.24,167.3,90,14.22,223.7,145,10.07,15.2,8,4.1,0,"0"
88,0,0,0,183.5,93,30.5681755725191,170.5,80,14.49,193.8,88,8.72,8.3,5,2.24,3,"0"
140,0,0,8,129.6,79,22.03,246.2,92,20.93,172.1,124,7.74,9.4,10,2.92,3,"0"
69,0,1,37,155,98,26.35,142.4,105,12.1,143.7,117,9.03963888888889,5.9,4,1.59,1,"0"
54,0,0,0,116.8,119,19.86,123.1,52,10.46,201.866098254162,101,9.79,12,2,2.77319131832797,1,"0"
67,0,1,34,161.7,114,27.49,207.6,115,17.65,205.7,114,9.26,9.2,4,2.48,0,"0"
86,0,0,0,166.2,112,30.31,255.3,100,21.7,228.1,97,10.26,5.4,7,1.46,1,"0"
38,0,0,0,117.3,114,19.94,208.7,105,17.74,203.4,98,9.15,14.4,2,3.89,2,"0"
124,0,0,0,167.4,119,28.46,233.2,143,19.82,109.6,115,4.93,10.3,5,2.78,0,"0"
68,0,0,0,222.1,107,37.76,199.4,102,16.95,162.4,107,7.31,9.4,3,2.54,2,"0"
100,0,1,27,93.4,87,15.88,252,92,17.0312157809984,189,104,8.5,10.9,1,2.94,1,"0"
100,0,0,0,170.7,54,29.02,191.1,108,16.24,214.6,107,9.66,10.2141082164329,4,3.59,1,"0"
85,0,0,0,201.4,52,34.24,229.4,105,19.5,252.5,106,11.36,12,3,3.24,2,"0"
164,0,0,0,179.567454268293,78,20.96,170,85,11.98,165.9,78,7.47,12.7,2,3.43,1,"0"
136,0,0,0,109.4,91,18.6,207.5,111,17.2,135,107,6.08,11.6,5,3.13,0,"0"
141,0,0,0,133.3,101,30.5681755725191,255.5,127,17.0312157809984,215.5,68,10.29,11.6,2,3.13,2,"0"
90,0,1,30,183.8,76,31.25,229.7,95,19.52,144.1,124,6.48,7.7,3,2.08,1,"0"
81,1,0,0,227.4,105,38.66,211.5,120,17.98,258.2,113,11.62,11.9,3,3.21,0,"0"
139,0,0,0,203.2,81,34.54,152.5,99,12.96,201.866098254162,76,8.9,10.2141082164329,3,2.77319131832797,2,"0"
100,0,1,31,313.8,87,53.35,147.7,103,12.55,192.7,97,8.67,10.1,7,2.73,3,"0"
135,0,0,0,154.4,130,26.25,203.8,90,17.32,158.7,59,7.14,11.8,3,3.19,0,"0"
77,0,0,0,62.4,89,10.61,169.9,121,14.44,209.6,64,9.43,5.7,6,1.54,2,"1"
12,0,0,0,249.6,118,42.43,252.4,119,21.45,201.866098254162,90,12.61,11.8,3,3.19,1,"1"
135,1,1,41,173.1,85,29.43,203.9,107,17.33,122.2,78,5.5,14.6,4,3.94,0,"1"
100,0,0,0,151,83,25.67,219.7,100,18.67,203.9,127,9.18,9.7,3,2.62,2,"1"
121,0,1,30,198.4,129,33.73,75.3,77,6.4,181.2,77,8.15,5.8,3,1.57,3,"1"
150,0,0,0,178.9,89,30.41,169.1,100,14.37,148.6,100,6.69,13.8,3,3.73,2,"1"
82,0,0,0,300.3,109,51.05,181,83,15.39,270.1,120,12.15,11.7,4,2.77319131832797,0,"1"
144,0,0,0,61.6,117,10.47,77.1,85,6.55,173,102,7.79,8.2,7,2.21,2,"1"
70,0,1,24,249.5,101,42.42,259.7,98,22.07,222.7,68,10.02,9.8,4,2.65,1,"1"
106,0,0,0,210.6,96,35.8,249.2,85,21.18,201.866098254162,88,8.61,12.4,1,3.35,2,"1"
94,0,0,0,157.9,105,26.84,155,101,13.18,189.6,84,8.53,8,5,2.16,2,"1"
128,0,0,0,237.9,125,40.44,175.1,93,21.05,208.9,68,9.4,13.9,4,3.75,1,"1"
100,0,0,0,212.1,131,36.06,209.4,104,17.8,201.866098254162,96,7.52,5.3,5,1.43,1,"1"
36,1,1,42,126.9,89,33.46,254.9,122,21.67,138.3,126,9.03963888888889,10.2141082164329,6,2.77319131832797,0,"1"
74,0,0,0,282.5,114,48.03,219.9,100,18.69,170,115,7.65,9.4,4,2.54,1,"1"
61,0,1,27,187.5,124,31.88,146.6,103,12.46,225.7,129,10.16,6.4,6,1.73,2,"1"
117,1,0,0,167.1,86,28.41,177.5,87,15.09,249.4,132,11.22,14.1,7,3.81,2,"1"
83,0,0,0,179.567454268293,120,30.5681755725191,200.355623332063,116,19.33,153.9,114,6.93,15.8,7,4.27,0,"1"
126,0,0,0,58.2,94,9.89,138.7,118,11.79,136.8,91,6.16,11.9,5,3.21,2,"1"
131,1,1,26,292.9,101,49.79,199.7,97,16.97,255.3,127,11.49,13.8,7,3.73,2,"1"
136,0,0,0,250.2,121,42.53,267.1,118,22.7,151,114,6.8,13,2,3.51,1,"1"
93,1,0,0,312,109,53.04,129.4,100,11,217.6,74,9.79,10.5,2,2.84,0,"1"
86,1,0,0,135.1,95,22.97,134.1,102,11.4,223.1,100,10.04,12.3,2,3.32,2,"1"
108,0,0,0,198.5,99,33.75,267.8,60,22.76,201.866098254162,75,9.03963888888889,9.4,3,2.54,0,"1"
33,0,1,29,157.4,99,26.76,117.9,80,10.02,279.2,79,12.56,13.9,3,3.75,2,"1"
113,0,0,0,272.1,111,46.26,268.5,118,16.66,213.8,105,9.62,8.5,10,2.3,1,"1"
62,0,0,0,248.7,109,42.28,220,118,18.7,265.7,78,11.96,13.2,2,3.56,1,"1"
128,1,1,32,179.567454268293,81,30.5681755725191,188.8,74,16.05,154.9,101,6.97,9.4,2,2.54,2,"1"
54,0,0,0,272.6,105,46.34,248.7,74,21.14,197.4,111,8.88,9.5,2,2.57,2,"1"
86,0,0,0,128.3,121,21.81,197.1,93,16.75,138.4,152,6.23,12.2,5,3.29,2,"1"
89,0,0,0,213,63,36.21,200.355623332063,71,15.01,262.6,126,11.82,10.2141082164329,1,2.46,1,"1"
44,0,1,34,221.8,105,37.71,161.7,85,13.74,227.7,62,10.25,14,7,3.78,0,"1"
100,0,0,0,107,63,18.19,105.7,67,8.98,243.1,100,9.03963888888889,12.8,3,3.46,2,"1"
117,0,0,0,181.5,95,30.86,205.1,88,17.43,204,82,9.18,14.7,9,3.97,2,"1"
159,1,0,0,257.1,117,43.71,312.2,127,26.54,183,82,9.03963888888889,8.8,6,2.38,1,"1"
154,0,0,0,202.1,75,30.5681755725191,216.5,94,18.4,300,100,11.43,10.2141082164329,9,2.77319131832797,1,"1"
151,1,0,0,218,57,37.06,114.4,88,9.72,269.2,95,12.11,12.4,1,3.35,0,"1"
95,1,0,0,161,84,28.14,286.2,112,12.95,198.9,89,8.95,11.5,2,3.11,1,"1"
100,1,1,8,196,82,33.32,322.7,92,27.43,225.6,120,10.15,3.7,5,2.77319131832797,1,"1"
16,0,0,0,229.6,78,39.03,205.7,108,17.11,166.2,91,7.48,10.8,2,2.92,0,"1"
66,0,0,0,179.567454268293,91,28.44,230,68,19.55,191.7,118,8.63,10.6,5,2.86,1,"1"
113,0,0,0,239.7,47,40.75,282.9,110,24.05,238.4,88,10.73,8.7,3,2.35,2,"1"
100,1,0,0,171.5,99,29.16,160,103,13.6,212.4,102,9.56,5,2,1.35,2,"1"
46,0,0,0,250.3,100,42.55,260.6,110,17.0312157809984,195,104,8.78,13.3,2,3.59,2,"1"
100,0,0,0,278,76,47.26,176.7,100,15.02,219.5,126,9.88,8.3,4,2.24,0,"1"
97,0,0,0,256.4,125,43.59,273.9,100,17.0312157809984,222.7,101,10.02,11.1,1,3,1,"1"
88,0,0,0,264.8,124,45.02,245.4,112,20.86,201.866098254162,115,7.22,14.8,2,4,1,"1"
71,1,0,0,178.2,113,30.29,219.9,94,17.0312157809984,182.1,111,9.03963888888889,13.6,3,3.67,3,"1"
132,0,1,8,226.2,103,38.45,181.6,125,15.44,258.8,117,9.03963888888889,10.5,5,2.84,3,"1"
72,0,1,33,96.6,59,16.42,315.4,98,26.81,163.3,117,9.03963888888889,6.2,4,1.67,2,"1"
92,1,0,0,130.7,113,22.22,260.6,122,22.15,244.2,98,10.99,9.4,2,2.54,2,"1"
93,1,0,0,216.9,61,36.87,188.8,120,17.63,221.7,100,9.98,10.2141082164329,5,2.77319131832797,2,"1"
118,0,1,26,170.8,114,29.04,199.5,97,16.96,201.866098254162,98,7.64,9.6,5,2.59,2,"1"
60,1,1,29,265.9,113,45.2,215.8,94,18.34,108.1,82,4.86,14,4,3.78,0,"1"
88,0,0,0,73.3,86,12.46,161.4,82,13.72,201.866098254162,89,10.78,8.2,4,2.21,2,"1"
152,1,1,20,237.5,120,40.38,253.4,94,21.54,265.2,80,11.93,14.2,3,3.83,2,"1"
111,0,0,0,172.8,58,29.38,183.1,108,15.56,158.8,104,7.15,7.9,3,2.13,2,"1"
44,0,0,0,288.1,112,48.98,258,92,21.93,192.4,90,8.66,10.2,4,2.75,3,"1"
74,0,0,8,174.1,96,29.6,251.1,94,21.34,257.6,123,11.59,8.3,5,2.24,2,"1"
133,1,1,32,221.1,137,37.59,264.9,99,22.52,168.9,100,7.6,15.4,4,4.16,2,"1"
113,0,0,0,209.4,151,35.6,200.355623332063,113,17.0312157809984,246,116,11.07,7.4,2,2,2,"1"
104,0,0,0,234.2,128,39.81,293.1,92,24.91,183.9,79,8.28,9.8,6,2.65,0,"1"
62,1,0,0,159.7,86,27.15,197.5,76,16.79,121.6,105,5.47,10.2141082164329,6,3.75,0,"1"
112,0,0,0,179.567454268293,77,30.5681755725191,212.5,109,13.74,265,132,11.93,12.7,8,3.43,2,"1"
110,1,0,0,257.7,79,49.86,188.5,90,16.02,266.9,91,12.01,14.5,4,3.92,0,"1"
95,1,1,0,220.2,109,37.43,185.3,100,15.75,205.1,82,9.23,4.1,2,1.11,2,"1"
76,0,0,0,299.5,125,50.92,226.7,92,19.27,210.7,134,9.48,13.7,4,3.7,0,"1"
79,0,0,0,261.7,97,44.49,210.6,100,17.9,256.7,83,11.55,6,3,1.62,3,"1"
100,0,0,0,162.1,86,27.56,155,86,13.18,189.7,87,9.03963888888889,11,9,2.97,2,"1"
91,1,0,0,145,89,24.65,175.8,108,14.94,223.7,151,10.07,16.7,5,4.51,2,"1"
113,0,0,0,187.6,97,31.89,208.2,118,17.7,158.9,101,7.15,8.7,6,2.35,2,"1"
122,1,0,0,230.9,132,39.25,243.2,99,20.67,182.4,57,8.21,11,2,2.97,0,"1"
127,1,0,0,176.9,110,30.07,167.9,100,14.27,182.2,138,8.2,7.7,2,2.08,1,"1"
24,0,0,0,265.6,86,45.15,208.8,102,17.75,182.5,105,7.53,11.1,6,3,2,"1"
100,1,1,33,271.5,98,46.16,253.4,102,21.54,165.4,85,7.44,8.2,2,2.21,1,"1"
100,0,0,0,314.6,102,53.48,169.8,86,14.43,201.866098254162,100,12.83,5.7,3,1.54,2,"1"
121,1,0,0,167.7,94,28.51,93.7,121,7.96,241.3,115,10.86,13.4,1,3.62,3,"1"
96,0,0,0,180.6,100,30.7,190.9,114,24.43,295.6,125,9.03963888888889,10.3,4,2.78,1,"1"
93,0,0,0,267.9,100,45.54,223,74,18.96,262.7,90,11.82,11.3,3,3.05,3,"1"
98,0,0,0,271.4,120,46.14,190.4,102,16.18,284.7,118,12.81,11.1,6,3,2,"1"
109,0,1,27,166.9,85,28.37,221.2,92,15.68,197.3,97,8.88,12.3,4,3.32,1,"1"
97,0,0,0,120.8,88,20.54,169.8,101,14.43,194.1,63,9.03963888888889,11.9,3,3.21,2,"1"
23,0,0,0,321.6,107,54.67,251.6,115,21.39,141.1,100,6.35,11.3,3,3.05,2,"1"
61,0,0,0,260,123,44.2,210.5,127,17.89,234.7,70,10.56,9,3,2.43,1,"1"
161,0,0,0,191.9,113,32.62,70.9,87,6.03,204.8,107,9.22,13.4,4,3.62,2,"1"
118,0,0,0,267.8,145,45.53,316.4,121,26.89,208.6,91,9.39,14.4,4,3.89,2,"1"
179,0,0,0,173,81,48.84,288,114,24.48,266,112,11.97,10.5,4,2.84,1,"1"
74,1,0,0,125.8,103,21.39,207.7,96,20.66,207.4,143,9.33,14.1,4,2.77319131832797,1,"1"
81,0,1,28,167.9,147,28.54,190.7,105,16.21,193,103,8.69,9.2,6,2.48,2,"1"
46,0,0,0,257.4,67,43.76,261.1,91,22.19,204.4,107,9.2,13.4,5,3.62,2,"1"
122,0,1,33,174.9,103,29.73,248.2,105,21.1,164.6,116,7.41,13.5,3,3.65,1,"1"
93,0,1,21,134.2,105,22.81,162.5,128,13.81,186.6,90,8.4,11.8,2,3.19,2,"1"
63,0,0,0,278,102,47.26,266.4,114,22.64,224.1,118,10.08,13.1,4,3.54,2,"1"
64,1,0,0,179.567454268293,55,30.5681755725191,249.5,79,21.21,275.4,102,12.39,13.3,9,3.59,1,"1"
110,1,1,27,267.9,103,45.54,263.3,74,22.38,178.1,106,9.03963888888889,8.3,2,2.24,1,"1"
133,0,0,0,277.3,138,47.14,228.4,117,19.41,117.3,103,5.28,12.8,4,3.46,2,"1"
76,0,0,8,240,94,44.78,230.3,69,19.58,170.6,101,7.68,11.4,5,3.08,1,"1"
161,1,0,0,68.5,106,33.01,249.4,105,17.0312157809984,254.9,100,11.47,12.9,1,3.48,1,"1"
99,0,1,42,216,125,36.72,232.3,104,19.75,215.5,100,9.7,9.3,4,2.51,2,"1"
112,0,0,0,111.9,92,19.02,114,143,9.69,201.866098254162,79,6.61,14.1,3,3.81,2,"1"
111,0,0,0,176.9,128,30.07,102.8,56,24.68,201.866098254162,84,9.62,10.5,2,2.84,2,"1"
135,0,1,28,201.4,100,34.24,246.5,70,20.95,154.8,131,6.97,12.9,4,2.77319131832797,2,"1"
151,0,0,0,235.9,104,40.1,220,91,6.85,212.8,116,9.58,5.8,2,1.57,3,"1"
159,0,0,0,189.1,105,32.15,246.1,147,20.92,242,106,10.89,10.4,5,2.81,1,"1"
64,0,0,0,148.1,73,25.18,275.5,101,14.02,216,102,9.72,12.3,2,3.32,2,"1"
106,1,1,26,270.3,111,45.95,199.6,90,18.29,254,133,11.43,14.4,7,2.77319131832797,1,"1"
105,0,0,0,106.4,71,18.09,240.1,83,20.41,147.7,114,6.65,5.3,4,1.43,2,"1"
132,0,0,0,193.3,106,32.86,128.3,94,10.91,162.1,119,7.29,11.6,4,3.13,2,"1"
76,0,1,26,214.6,100,36.48,205.2,87,17.44,134.6,140,6.06,8.1,2,2.19,1,"1"
167,0,0,0,131.6,120,22.37,211.3,96,17.96,168.3,97,7.57,11.1,4,3,2,"1"
172,0,0,0,287.1,108,48.81,178.4,125,15.16,311.6,106,6.89,14.4,4,2.77319131832797,3,"1"
88,1,0,0,235.1,98,39.97,251.8,79,21.4,285.9,76,9.03963888888889,7.2,2,1.94,2,"1"
155,0,1,39,183.3,106,31.16,205.1,101,17.43,263.7,90,11.87,5.1,7,1.38,1,"1"
78,1,0,0,236.8,75,40.26,265.3,101,22.55,152.4,77,6.86,9.5,2,2.57,1,"1"
105,0,0,0,270.9,98,46.05,226.2,110,19.23,178.8,60,8.05,8.8,5,2.38,0,"1"
24,0,0,0,243,91,41.31,183.9,77,15.63,184.3,109,8.29,15.3,6,4.13,0,"1"
100,0,1,34,162.1,83,27.56,183.4,117,14.6,259.8,76,11.69,9.6,3,2.59,2,"1"
62,0,1,33,186.4,84,31.69,201,103,17.09,286.7,103,9.03963888888889,10.2141082164329,3,3,2,"1"
40,0,1,31,224.7,69,38.2,134.5,81,11.43,295.6,104,5.41,7.5,5,2.03,1,"1"
55,0,1,8,229.3,114,22.19,208.4,94,17.71,141.6,114,6.37,11,5,2.97,2,"1"
28,0,0,0,121.7,48,20.69,125.8,112,10.69,261.6,122,11.77,8.3,2,2.24,2,"1"
163,0,0,0,247.7,77,42.11,269.5,108,22.91,167.3,82,9.03963888888889,9.6,7,2.59,0,"1"
135,0,0,0,263.8,66,44.85,251.3,116,21.36,200.1,112,9,8.4,2,2.27,2,"1"
137,0,0,0,115,80,19.55,137.8,83,11.71,224,61,10.08,7.3,4,1.97,3,"1"
171,0,0,0,270.5,69,45.99,230,112,19.55,136,111,6.12,9.6,5,2.59,1,"1"
82,0,0,0,189.2,81,32.16,184.4,110,15.67,255.8,83,11.51,10.6,5,2.86,3,"1"
45,0,0,0,78.6,106,13.36,187.3,100,15.92,184.2,100,8.29,7.4,5,2,1,"1"
2,1,0,0,132.1,100,22.46,138.9,88,11.81,192.6,119,8.67,9.1,1,2.46,2,"1"
111,0,0,0,197.1,117,33.51,227.8,128,19.36,214,101,9.63,9.3,4,2.51,0,"1"
17,0,1,31,153.1,115,26.03,185.9,59,15.8,224.3,103,10.09,10,1,2.7,2,"1"
126,0,0,0,321.3,99,54.62,167.9,93,14.27,193.6,106,8.71,8,4,2.77319131832797,1,"1"
97,1,0,0,236.9,107,40.27,157.6,105,13.4,241,120,10.85,7.3,2,1.97,0,"1"
90,1,0,0,148.2,96,25.19,220.4,111,18.73,134.2,97,6.04,9.2,1,2.48,2,"1"
106,1,0,0,133.7,100,22.73,187.8,107,15.96,181.9,89,8.19,10.7,2,2.77319131832797,1,"1"
55,0,0,0,285.7,116,48.57,230.9,120,19.63,230.7,140,10.38,14.8,7,4,0,"1"
115,0,0,0,245,97,41.65,250.7,75,21.31,270.2,124,12.16,13.7,8,3.7,1,"1"
108,0,0,0,112,105,19.04,193.7,110,16.46,208.9,93,9.4,4.1,4,1.11,2,"1"
65,0,0,0,245.7,139,41.77,241.9,113,20.56,232.9,101,12.84,4.2,5,1.13,2,"1"
101,0,0,0,269.7,85,45.85,207.6,86,13.78,214.2,107,9.64,4.5,4,1.22,3,"1"
81,1,0,0,149.4,68,25.4,171.9,100,14.61,214.5,100,9.65,10.2141082164329,3,4.13,3,"1"
89,1,1,19,112.6,114,19.14,261.7,89,22.24,123.5,116,5.56,11.1,2,3,0,"1"
102,0,0,0,195.7,116,33.27,209.1,87,17.77,201.1,73,9.05,8.3,4,2.24,1,"1"
133,0,1,8,174,80,29.58,209.4,113,17.8,224.1,87,11.79,14.1,7,3.81,2,"1"
67,1,1,35,279.3,59,30.79,200.355623332063,116,18.35,216.3,121,9.73,10.2141082164329,4,4.56,0,"1"
76,1,0,0,273.3,66,46.46,263.6,121,22.41,165.2,84,7.43,12,7,3.24,2,"1"
107,1,0,0,133.3,106,22.66,182.9,89,15.55,241.1,123,10.85,10.2141082164329,2,3.48,3,"1"
189,0,0,0,227.4,84,38.66,176,81,14.96,206.1,120,9.27,10.2141082164329,4,1.7,2,"1"
126,0,1,30,153.4,90,26.08,151.4,97,12.87,153.8,97,6.92,12.8,4,3.46,2,"1"
68,0,0,0,213.9,112,36.36,260.5,100,22.14,233.8,97,10.52,8.4,3,2.27,1,"1"
143,0,0,0,223.3,99,37.96,167.1,128,14.2,201.866098254162,84,9.14,4.5,4,1.22,0,"1"
81,0,0,0,261.4,141,44.44,215.7,102,18.33,271.8,96,12.23,8,6,2.16,1,"1"
103,0,1,18,143.4,84,25.48,170.9,84,14.53,171.5,112,7.72,10.2141082164329,7,3.11,0,"1"
127,1,0,0,242.2,102,41.17,226.1,80,17.0312157809984,252,96,11.34,10.2141082164329,5,3.75,2,"1"
136,0,0,0,259.4,99,44.1,172.7,125,14.68,293.7,78,13.22,10.7,6,2.89,1,"1"
118,1,1,21,156.5,122,26.61,209.2,125,17.78,158.7,81,9.03963888888889,11.1,3,3,2,"1"
113,0,0,0,61.2,111,10.4,92.3,88,7.85,264.1,114,8.88,13.7,3,3.7,2,"1"
100,0,0,0,165.4,106,28.12,273.7,109,23.26,210,93,11.88,8.7,3,2.35,0,"1"
80,0,1,38,236.6,69,40.22,197.5,68,16.79,209.5,102,9.43,9.5,10,2.57,2,"1"
85,0,0,0,236.9,93,40.27,197.7,113,16.8,309.1,78,13.91,11.4,7,3.08,2,"1"
99,1,0,0,193,102,41.19,200.355623332063,133,17.0312157809984,163.1,93,7.34,11.3,3,3.05,0,"1"
184,0,0,0,236.4,73,40.19,287.3,120,24.42,201.866098254162,94,8.64,13.8,4,3.73,1,"1"
149,0,0,0,119.2,88,20.26,168.3,110,14.31,204.7,119,9.21,12.2,6,3.29,2,"1"
116,0,0,0,159.4,79,27.1,179.5,88,15.26,167.8,71,7.55,9.7,2,2.62,2,"1"
173,0,0,0,291.8,143,49.61,214.3,134,18.22,184.9,119,6.8,9.9,2,2.67,0,"1"
197,1,0,0,127.3,80,21.64,222.3,115,18.9,173.9,95,7.83,13.7,5,3.7,2,"1"
76,1,0,0,241,120,40.97,231.8,96,12.88,220.2,67,9.91,9.9,1,2.67,1,"1"
79,0,0,0,268.3,114,45.61,185.5,111,19.07,264.6,88,11.91,6.3,7,1.7,1,"1"
99,0,0,0,115.5,75,19.64,218.1,111,18.54,254.9,98,11.47,11.5,7,3.11,2,"1"
141,0,0,0,215.6,113,36.65,200.6,81,17.05,153.8,107,6.92,12.4,6,3.35,1,"1"
140,0,0,0,120.3,108,20.45,240.4,84,20.43,216.4,74,9.74,7.7,3,2.08,2,"1"
144,0,0,0,278.5,95,47.35,240.7,90,20.46,120,90,5.4,11.6,5,3.13,1,"1"
50,0,0,0,131.1,129,22.29,160.5,94,17.0312157809984,206.9,88,9.03963888888889,5.6,9,1.51,2,"1"
109,1,0,0,268.4,85,45.63,150.6,105,12.8,297.9,84,13.41,10.2141082164329,8,2.62,2,"1"
70,0,0,0,232.8,86,39.58,303.4,111,25.79,255.6,104,12.58,12.9,7,3.48,0,"1"
115,0,0,0,286.4,125,30.5681755725191,205.7,74,17.48,191.4,141,9.03963888888889,6.9,6,1.86,1,"1"
60,0,0,0,179.3,147,30.48,208.9,89,17.0312157809984,248.2,98,11.17,13.5,6,3.65,1,"1"
23,0,0,0,113.1,74,19.23,168.8,95,14.35,262.9,126,11.83,6.9,2,1.86,1,"1"
181,1,0,0,161.3,83,27.42,124.4,83,17.0312157809984,201.866098254162,98,11.79,14.1,4,2.77319131832797,0,"1"
77,0,0,0,245.2,93,41.68,254.1,83,21.6,239.4,91,10.77,7.5,4,2.03,2,"1"
111,0,0,0,192.1,125,22.54,221.1,67,18.79,127.9,101,5.76,12.7,2,3.43,2,"1"
115,1,0,0,122,110,20.74,216.9,100,18.72,179.7,124,8.09,10.8,2,2.92,2,"1"
149,0,0,0,242.5,83,41.23,245.4,97,20.86,219.6,80,9.88,10,3,2.7,3,"1"
51,1,0,0,153.6,108,26.11,200.355623332063,100,19.8,214.2,91,9.64,14.1,4,3.81,0,"1"
54,0,0,0,286.6,73,48.72,223.2,108,18.97,203.7,107,9.17,11.5,5,3.11,1,"1"
124,0,0,0,194,103,32.98,241,116,20.49,227.5,100,10.24,10.2141082164329,5,3.21,1,"1"
117,1,0,0,54.2,100,9.21,303.2,84,25.77,171.8,84,7.73,8.6,2,2.32,1,"1"
100,0,1,28,135.9,117,23.1,244.5,102,20.78,207.5,74,9.34,11.5,3,3.11,2,"1"
80,1,0,0,189.1,122,32.15,223.2,92,18.97,269,116,12.11,13.9,3,3.75,2,"1"
119,0,0,0,287.1,115,48.81,159.3,99,13.54,216.8,86,9.76,10.2141082164329,1,3.75,2,"1"
107,0,0,0,222.3,101,37.79,286,100,24.31,249.4,117,11.22,12.1,4,3.27,1,"1"
119,1,1,16,147.2,103,25.02,160.1,96,13.61,184,120,8.28,7.7,2,2.77319131832797,2,"1"
133,1,0,0,254.7,103,43.3,252.2,80,21.44,201.866098254162,103,8.01,8,3,2.16,0,"1"
146,0,0,0,149.3,83,25.38,187.1,130,15.9,149.8,100,6.74,7.9,4,2.13,2,"1"
101,0,0,0,239,100,40.63,273,106,23.21,278.2,93,12.52,13.5,8,3.65,1,"1"
39,0,0,0,295.4,126,50.22,232.1,117,17.0312157809984,201.866098254162,123,9.2,11.5,2,3.11,1,"1"
56,0,0,0,162.3,99,27.59,149.1,78,12.67,255.5,115,11.5,14.8,1,4,2,"1"
76,0,0,8,272.7,97,46.36,236.4,95,20.09,235.5,105,10.6,10.2141082164329,2,2.08,0,"1"
105,1,1,28,156.1,89,26.54,107.1,114,9.1,167.7,95,7.55,14.7,3,3.97,0,"1"
159,0,0,0,275.8,103,46.89,189.5,108,17.0312157809984,223.9,93,10.08,7.4,5,2,2,"1"
93,1,1,38,225.7,117,38.37,119.6,122,10.17,193.2,125,8.69,14,7,3.78,1,"1"
174,0,1,33,167.8,91,28.53,205.3,100,10.94,130,64,5.85,14.5,4,3.92,2,"1"
103,0,0,0,150.6,125,25.6,169.1,126,14.37,221.2,104,9.95,10.4,8,2.81,2,"1"
119,0,0,0,213.7,100,44.22,256.5,85,21.8,229.1,89,10.31,10,2,2.7,1,"1"
108,1,1,42,130.1,90,22.12,167,128,14.2,244.7,80,6.35,13.6,5,3.67,3,"1"
113,0,0,0,128.7,100,21.88,227.1,100,19.3,178.1,135,7.14,9.2,4,2.48,2,"1"
52,0,0,0,155,110,26.35,133.4,104,11.34,176.1,84,7.92,7,4,1.89,2,"1"
107,0,1,30,198.9,87,33.81,200.355623332063,90,17.6,159.8,76,7.19,12.6,4,3.4,3,"1"
49,1,0,0,237.8,92,40.43,208.9,119,17.76,201.866098254162,86,7.55,10.2141082164329,6,4.21,2,"1"
106,1,0,0,204,84,34.68,168.5,61,17.0312157809984,164,102,7.38,13.3,3,3.59,3,"1"
112,0,0,0,272.5,119,46.33,226.1,94,10.53,201.866098254162,94,7.16,16.4,5,4.43,2,"1"
73,0,0,0,286.4,109,48.69,178.2,67,15.15,214.2,152,10.64,10.7,4,2.89,1,"1"
93,0,0,0,179.567454268293,106,30.5681755725191,151.7,89,17.0312157809984,303.5,114,13.66,8.7,3,2.35,1,"1"
154,1,0,0,145.9,69,24.8,208.2,100,17.7,180.9,106,8.14,14.4,10,3.89,0,"1"
162,0,0,0,217.6,87,36.99,279,71,23.72,250.7,65,11.28,10.4,4,2.77319131832797,2,"1"
136,0,0,8,269.8,106,45.87,228.8,101,19.45,257.5,106,11.59,10.1,8,2.73,1,"1"
53,0,0,0,261.2,119,44.4,250.8,100,21.32,176,112,7.92,9.8,2,2.65,0,"1"
95,1,0,0,228.9,134,38.91,255.7,69,21.73,208,120,9.36,10.1,2,2.73,2,"1"
71,0,0,0,290.4,108,49.37,213.6,92,21.58,263.3,126,11.85,10.1,5,2.73,3,"1"
74,0,0,0,298.1,112,50.68,201.3,100,17.11,214.7,88,9.66,9.7,4,2.62,2,"1"
100,1,1,18,222.1,89,37.76,160.6,100,13.65,218.8,87,9.85,13.6,2,3.67,0,"1"
123,0,0,0,236.2,135,40.15,273.9,88,23.28,227,77,10.22,10.1,6,2.73,2,"1"
150,0,0,0,136.6,112,23.22,209.4,81,17.8,161.1,78,7.25,12.2,2,3.29,2,"1"
138,1,0,0,196.2,123,33.35,176.5,86,15,201.866098254162,108,10.46,15.2,1,4.1,0,"1"
37,1,0,0,172.9,119,29.39,183,86,15.56,226.4,100,10.19,9.8,1,2.65,0,"1"
92,1,0,0,252.3,120,42.89,207,112,17.6,284.6,95,12.81,12,5,3.24,3,"1"
100,0,0,0,96.5,102,16.41,210.2,133,17.87,146.4,106,6.59,12.5,10,3.38,2,"1"
126,0,0,0,249.8,96,42.47,261.9,92,22.26,166.8,108,7.51,12.7,4,3.43,3,"1"
100,0,0,0,226,127,38.42,304.6,83,25.89,181.2,132,8.15,12.6,4,3.4,2,"1"
100,0,0,0,270,102,30.5681755725191,256.6,111,21.81,168.5,104,7.58,12,5,3.24,2,"1"
166,1,0,0,47.7,89,8.11,264.4,95,22.47,235.2,97,10.58,13.2,3,3.56,0,"1"
94,1,0,0,89.5,94,15.22,200.355623332063,106,17.0312157809984,172.9,76,7.78,7.9,1,2.13,1,"1"
115,1,0,0,251.3,69,42.72,252.5,96,21.46,118.3,112,9.03963888888889,9.9,1,2.67,3,"1"
47,1,0,0,47.8,120,8.13,178.9,123,17.0312157809984,152.6,96,6.87,10.2141082164329,7,3.59,0,"1"
167,0,0,0,169.2,124,28.76,173.3,105,15.08,216.5,64,9.74,12.4,4,3.35,2,"1"
97,1,0,0,145,103,24.65,294.3,93,25.02,239.8,100,10.79,11,2,2.97,2,"1"
71,0,0,0,179.567454268293,110,47.41,190.2,67,16.17,255.2,84,11.48,11.7,7,3.16,0,"1"
98,0,0,0,217.2,121,36.92,303.4,73,25.79,197.1,71,8.87,12.4,4,3.35,0,"1"
13,0,0,32,303.2,133,51.54,170.5,86,14.49,227.6,87,9.03963888888889,11.5,3,3.11,0,"1"
116,0,0,0,133.3,94,22.66,247.8,126,21.06,201.866098254162,78,9.86,10.2141082164329,5,3.05,2,"1"
89,0,0,0,137.9,96,23.44,192.6,63,16.37,255.7,125,11.51,11,5,2.97,1,"1"
88,0,0,0,166.7,61,28.34,179.3,88,15.24,242.7,131,9.03963888888889,6.8,7,1.84,2,"1"
80,1,0,0,276.5,122,47.01,195.6,79,16.63,210.3,78,9.46,7.2,3,1.94,1,"1"
98,0,0,0,227.1,116,38.61,120.5,100,10.24,117,102,5.27,4.7,4,1.27,2,"1"
113,0,0,0,245.3,108,41.7,259.9,120,22.09,204.3,115,9.19,10.7,2,2.89,3,"1"
124,0,0,0,143.3,120,24.36,230.7,111,19.61,214.3,91,9.64,7.8,2,2.11,2,"1"
110,0,0,0,271.1,108,46.09,237,122,20.15,239.9,122,10.8,10.2141082164329,5,2.65,2,"1"
124,1,0,0,157.8,71,26.83,203.2,114,17.27,168.7,82,7.59,10,2,2.7,3,"1"
120,1,0,0,179.9,72,30.58,170,96,14.45,190.6,89,8.58,13.8,2,3.73,1,"1"
105,0,0,0,273.8,97,46.55,289.7,106,24.62,269.1,111,6.91,5.8,3,1.57,2,"1"
112,0,0,0,174.3,123,29.63,140.2,100,11.92,215.4,89,9.69,9,6,2.43,2,"1"
42,0,0,0,303.9,106,51.66,147.3,54,19.74,147.1,76,6.62,5.8,3,1.57,1,"1"
101,0,1,36,123.7,125,21.03,172.6,106,14.67,280.5,127,12.62,8.8,4,2.38,2,"1"
53,0,0,0,228.6,117,38.86,132.8,123,11.29,227.2,124,10.22,10.1,2,2.73,2,"1"
120,1,0,0,202,123,34.34,184.3,78,15.67,176,89,7.92,7.4,2,2,2,"1"
108,0,1,32,209.5,108,35.62,109.6,100,9.32,189.7,145,8.54,9.1,6,2.46,2,"1"
161,0,0,0,297.9,141,50.64,238.1,107,20.24,240.5,93,10.82,8.9,5,2.4,1,"1"
130,0,0,0,212.8,102,36.18,189.8,137,16.13,170.1,105,7.65,10.6,4,2.86,0,"1"
107,0,0,0,294.9,71,50.13,192.8,78,16.39,148.1,87,6.66,13.2,5,3.56,2,"1"
77,0,1,33,143,101,24.31,212.2,102,18.04,104.9,120,4.72,15.3,4,4.13,2,"1"
92,0,1,29,201.3,130,34.22,203.7,115,17.31,129.9,113,5.85,6.4,6,1.73,1,"1"
139,1,1,31,203.5,82,34.6,200.3,72,17.03,201.866098254162,112,9.63,13.4,6,3.62,1,"1"
89,0,0,0,179.567454268293,112,30.5681755725191,165.1,110,14.03,162.9,97,7.33,7.5,1,2.03,1,"1"
114,0,0,0,147.1,119,25.01,161,111,13.69,275.9,106,12.42,9,3,2.43,2,"1"
100,1,0,0,159.9,94,27.18,179.9,100,15.29,154.4,102,6.95,11.6,2,3.13,2,"1"
40,0,0,0,81.7,123,13.89,210.2,108,17.87,212,64,9.03963888888889,11.3,3,3.05,2,"1"
105,0,1,31,109.6,108,18.63,249.3,119,21.19,321.2,101,14.45,8.3,4,2.24,2,"1"
182,0,0,8,121,118,47.52,203.2,113,17.27,174.2,101,7.84,10.7,4,2.89,2,"1"
129,0,0,0,137.8,120,23.43,225.8,110,19.19,145.2,95,6.53,10.2,6,2.75,1,"1"
116,1,1,29,244.9,91,27.59,279.3,79,23.74,192.7,131,8.67,11.7,2,3.16,3,"1"
21,0,0,0,179.4,95,15.74,137.5,70,13.76,285,78,12.83,11.3,3,3.05,2,"1"
57,1,0,0,221.2,65,19.55,122.3,96,19,201.866098254162,75,11.03,6.4,1,1.73,0,"1"
119,0,0,27,294.2,100,50.01,232.5,53,19.76,195,64,8.78,10.2141082164329,1,2.43,0,"1"
19,0,0,0,259.4,116,44.1,269.7,109,22.92,175.3,130,7.89,9.5,3,2.57,1,"1"
141,0,0,0,146.5,121,24.91,169.9,96,14.44,238.8,112,10.75,8.2,5,2.21,0,"1"
152,0,0,0,317.8,60,54.03,152.9,100,13,123.4,100,5.55,10.4,7,2.81,1,"1"
22,0,0,38,312,112,53.04,180,109,15.3,168.6,94,7.59,12.8,4,3.46,1,"1"
131,0,0,0,131.6,95,22.37,179.3,109,15.24,251.2,129,9.03963888888889,15.5,3,4.19,1,"1"
123,0,0,0,123.2,104,20.94,190,117,16.15,170.3,95,7.66,12.9,5,3.48,2,"1"
116,0,0,0,205,90,34.85,200.355623332063,114,11.98,272.6,96,12.27,7.5,4,2.03,2,"1"
115,1,0,0,179.567454268293,81,30.5681755725191,203.4,100,17.29,217.5,107,9.79,11.8,8,3.19,1,"1"
25,0,0,0,264.9,80,45.03,281.2,66,23.9,166.1,80,7.47,8.4,4,2.77319131832797,1,"1"
97,0,0,0,225.1,90,38.27,279.5,100,17.0312157809984,233.8,103,10.52,8.8,4,2.38,0,"1"
86,1,0,0,162.4,131,27.61,167,102,14.2,128.9,118,5.8,11.4,7,3.08,2,"1"
145,0,0,0,224.2,89,38.11,314.9,121,26.77,182.9,121,8.23,16.1,3,4.35,1,"1"
147,1,1,35,157.5,109,26.78,189.6,67,16.12,227,76,10.22,11.1,2,3,2,"1"
105,0,0,0,226.9,106,38.57,182.2,109,15.49,203.9,107,9.03963888888889,11.6,2,3.13,0,"1"
141,0,1,32,129.9,92,54.81,283.2,107,24.07,209.5,100,9.43,6.7,3,1.81,1,"1"
91,1,0,0,246.4,110,41.89,182,100,15.47,157.6,106,7.09,12.1,2,3.27,2,"1"
116,0,0,0,288,120,48.96,255.8,90,21.74,233.4,99,10.5,13.4,4,3.62,0,"1"
88,0,0,0,301.5,136,51.26,257.7,72,21.9,190.4,118,5.98,13.4,2,3.62,2,"1"
50,1,0,0,99.6,108,16.93,308.7,102,26.24,161.2,62,7.25,13.7,6,3.7,2,"1"
188,1,1,26,198.8,115,33.8,166.6,67,14.16,198.5,118,9.03963888888889,14.4,5,3.89,1,"1"
103,1,0,0,255.9,128,43.5,140.9,92,11.98,308.9,130,13.9,12.1,2,3.27,1,"1"
65,1,0,8,277.9,123,47.24,155.8,112,13.24,256.9,71,9.03963888888889,9.2,10,2.48,0,"1"
180,0,0,0,104.6,105,38.23,250,101,21.25,216.1,73,9.72,6.7,5,1.81,3,"1"
44,0,0,0,308.6,139,52.46,150.8,99,12.82,198.7,66,8.94,7.3,3,1.97,2,"1"
121,0,0,0,153.7,126,24.62,200.6,82,17.05,208.8,81,9.4,13.3,9,3.59,0,"1"
125,1,1,29,260.8,100,44.34,163.7,112,13.91,271.7,117,12.23,10.2141082164329,6,2.77319131832797,1,"1"
74,0,0,0,314.1,86,53.4,222.4,116,18.9,201.866098254162,121,11.66,12.3,5,3.32,1,"1"
132,0,0,0,291.2,104,49.5,234.2,132,19.91,191.7,87,9.03963888888889,8.9,3,2.4,1,"1"
63,0,0,0,261.8,69,44.51,245,135,20.83,202.1,80,9.09,14.7,4,3.97,0,"1"
127,0,0,0,245.2,91,41.68,217.2,100,18.46,243.1,128,9.03963888888889,13.9,6,3.75,0,"1"
90,1,1,26,169,104,28.73,188.8,100,16.05,213.3,76,9.6,13.3,3,3.59,0,"1"
61,0,1,40,105,78,17.85,180.6,100,15.35,174.1,115,7.83,10.2,2,2.75,2,"1"
147,0,0,0,274,92,46.58,231.8,82,19.7,201.866098254162,83,12.76,6.2,1,1.67,0,"1"
161,0,0,0,154.7,84,26.3,177.8,125,15.11,172.9,90,7.78,5.9,2,1.59,2,"1"
62,1,1,32,218.4,93,37.13,236.7,132,20.12,192.2,99,8.65,10.2141082164329,3,3.56,0,"1"
38,0,0,0,175.7,109,29.87,211.8,97,18,137.9,109,6.21,9.2,3,2.48,2,"1"
109,0,1,29,111.2,90,18.9,263.5,100,17.0312157809984,224.7,128,10.11,9,6,2.43,2,"1"
52,1,0,0,146.1,118,42.74,196.6,80,17.0312157809984,192,53,9.03963888888889,11,2,2.97,0,"1"
159,0,0,0,167.4,68,28.46,143.8,74,17.0312157809984,140.1,111,6.3,10.3,3,2.78,0,"1"
89,0,0,0,129.2,71,21.96,214.1,68,17.0312157809984,214.9,100,9.67,10.3,4,2.78,2,"1"
123,1,0,0,179.567454268293,106,21.34,128.9,96,15.44,218.3,129,11.34,9,6,1.7,2,"1"
97,0,1,32,90,87,15.3,276.3,113,23.49,185.2,107,8.33,8.6,6,2.32,2,"1"
17,1,0,0,162.8,118,27.68,229.6,91,19.52,201.866098254162,94,9.03963888888889,13.6,3,3.67,0,"1"
178,1,0,0,124.5,134,21.17,141.2,78,16.18,268.2,113,9.03963888888889,11.4,2,3.08,2,"1"
170,0,0,0,285.7,100,48.57,167.5,100,14.24,260,97,11.7,8.7,4,2.35,1,"1"
93,0,0,0,271.1,101,46.09,237.4,100,20.18,145.4,103,6.54,8.4,6,2.27,1,"1"
78,0,0,0,108.6,108,18.46,209.9,126,17.84,222.6,117,10.02,7.9,5,2.13,1,"1"
85,0,1,17,221.7,88,15.27,233.2,75,19.82,312.5,116,7.46,9.3,7,2.51,2,"1"
148,0,0,0,279.3,104,47.48,201.6,87,17.14,280.8,117,12.64,7.9,2,2.13,2,"1"
168,0,0,0,163.4,134,27.78,240.1,87,20.41,164,100,7.38,11.6,2,3.13,2,"1"
24,0,0,0,149,73,25.33,131,81,17.0312157809984,238.6,69,10.74,8.6,3,2.32,2,"1"
44,0,0,0,288.8,86,49.1,175.9,100,14.95,215.4,106,9.69,9.5,2,2.57,3,"1"
117,1,0,0,287.4,118,48.86,259.6,84,22.07,153.2,86,9.03963888888889,10,3,2.7,1,"1"
145,0,0,0,245.8,116,41.79,286.7,91,24.37,240.7,115,9.03963888888889,9,4,2.43,1,"1"
133,0,0,0,117.8,100,20.03,200.355623332063,105,16.93,244.1,119,10.98,11.8,4,2.77319131832797,0,"1"
123,0,0,0,242.2,87,41.17,226.1,101,19.22,268.6,121,12.09,8.2,3,2.21,2,"1"
62,0,0,0,128.7,111,21.88,169.5,104,14.41,193.6,97,8.71,10.2141082164329,5,2.78,1,"1"
98,0,1,36,168,81,28.56,163.2,125,13.87,172.7,120,7.77,8,2,2.16,2,"1"
99,0,0,0,256.4,100,43.59,214.5,74,18.23,233.7,75,10.52,7.9,1,2.13,3,"1"
160,0,0,0,234.9,136,39.93,270.8,116,23.02,219.3,101,9.87,13.9,2,3.75,1,"1"
148,1,0,0,233.5,81,39.7,187.7,116,15.95,122.3,97,5.5,9.6,2,2.59,0,"1"
147,0,1,35,197.3,134,33.54,141.1,99,11.99,212.1,100,9.54,10.1,4,2.73,2,"1"
99,0,0,0,135.7,107,23.07,208.4,103,17.71,209,95,9.4,8.8,3,2.38,2,"1"
84,0,0,0,225.9,86,38.4,275.6,105,23.43,201.4,108,9.06,14.3,3,3.86,3,"1"
73,0,0,0,194.8,112,33.12,167.2,85,14.21,100.3,61,4.51,10.8,6,2.92,1,"1"
131,1,0,0,122.3,83,20.79,118.8,60,10.1,147.9,95,6.66,13.7,4,3.7,3,"1"
177,0,0,0,266.1,91,45.24,190.4,133,19.14,224.7,58,10.11,8.9,8,2.77319131832797,3,"1"
169,0,0,0,266.7,105,45.34,158.2,123,13.45,287.7,111,12.95,13.8,4,3.73,3,"1"
103,0,1,35,110.5,101,18.79,208.3,81,17.71,87.4,77,3.93,13.9,2,3.75,2,"1"
88,0,0,0,85.7,112,14.57,221.6,70,18.84,190.6,101,8.58,11.6,3,3.13,2,"1"
57,0,0,0,272.7,74,46.36,224.9,85,19.12,178.2,104,8.02,10.5,3,2.84,2,"1"
101,0,0,8,158.4,92,26.93,188,117,15.98,219.7,125,9.89,13.5,4,3.65,2,"1"
154,0,0,0,154.5,122,26.27,214.2,71,18.21,178,105,8.01,12,2,3.24,3,"1"
100,0,0,0,305.1,106,51.87,188,115,15.98,235.4,116,10.59,8.5,5,3.7,0,"1"
88,0,0,0,131.5,99,22.36,174.8,128,17.0312157809984,184.2,83,8.29,7.9,2,2.77319131832797,2,"1"
27,0,0,0,226.3,95,38.47,274.3,109,23.32,242.7,119,10.92,8.2,3,2.21,2,"1"
115,0,0,0,139.3,89,23.68,192.3,95,16.35,151,75,6.8,9.3,3,2.51,2,"1"
112,0,0,0,291.6,99,49.57,221.1,93,18.79,229.2,110,10.31,14,9,3.78,2,"1"
40,0,0,0,169.7,115,28.85,141.4,123,12.02,253,115,11.39,10.5,3,2.84,2,"1"
161,0,0,0,322.3,100,54.79,230.4,135,19.58,241.5,104,10.87,7.8,5,2.11,2,"1"
35,0,0,0,138.1,115,23.48,158.2,82,13.45,215.7,118,9.71,10.3,2,2.78,2,"1"
60,1,0,0,205.9,97,35,277.4,117,23.58,202,139,9.09,11,2,2.97,0,"1"
56,0,0,0,221.9,112,37.72,278.2,122,23.65,288.1,85,12.96,7.1,5,1.92,0,"1"
127,1,0,0,143.2,60,24.34,179.5,100,15.26,171.8,122,7.73,6.2,4,1.67,2,"1"
54,0,0,0,247.5,85,42.08,222.4,93,17.0312157809984,244.3,132,10.99,10.2,2,2.75,2,"1"
201,0,0,0,225.9,110,38.4,299.1,86,25.42,251.3,81,11.31,10.2141082164329,4,3.02,1,"1"
78,0,0,0,103.5,86,17.6,117.9,110,10.02,201,94,9.05,12,3,3.24,2,"1"
76,1,0,0,246.8,110,41.96,206.3,63,12.33,208.4,123,9.38,13.2,5,3.56,0,"1"
103,0,0,0,174.7,151,29.7,148,56,12.58,168.2,109,7.57,15.8,3,4.27,2,"1"
87,0,0,0,240,83,40.8,134.1,68,11.4,189.1,84,8.51,9.3,2,2.51,0,"1"
68,1,1,0,125.7,92,21.37,225.3,98,23.45,214.5,108,9.65,14.2,6,3.83,2,"1"
157,0,0,0,226.4,101,38.49,276.8,60,23.53,198.4,82,9.6,12.3,4,2.77319131832797,3,"1"
100,0,0,0,264.5,117,44.97,194,111,17.0312157809984,262.7,111,11.82,7.5,4,2.03,2,"1"
121,0,0,26,255.1,93,43.37,266.9,97,22.69,197.7,118,8.9,8.8,3,2.38,3,"1"
177,1,0,0,248.7,118,42.28,172.3,73,14.65,191.9,87,8.64,11.3,2,3.05,1,"1"
146,0,0,0,138.4,97,23.53,158.9,122,17.0312157809984,201.866098254162,73,9.03963888888889,3.9,9,1.05,2,"1"
138,1,0,0,179.567454268293,61,48.65,187.2,60,15.91,201.866098254162,114,6.58,11,4,2.97,2,"1"
115,0,0,0,268,115,45.56,153.6,106,17.0312157809984,232.3,65,10.45,10.2141082164329,1,2.77319131832797,3,"1"
76,0,0,0,107.3,140,18.24,238.2,133,17.0312157809984,271.8,92,12.23,10,3,2.7,2,"1"
71,1,0,0,186.1,114,31.64,198.6,140,17.0312157809984,206.5,80,9.29,13.8,5,3.73,2,"1"
62,0,0,0,321.1,100,54.59,265.5,122,22.57,180.5,72,8.12,11.5,2,3.11,2,"1"
117,0,0,0,118.4,126,20.13,249.3,97,21.19,227,56,10.22,13.6,3,3.67,2,"1"
